<?xml version="1.0" encoding="UTF-8"?>
<beans:beans xmlns="http://www.springframework.org/schema/security"
	xmlns:beans="http://www.springframework.org/schema/beans" xmlns:xsi="http://www.w3.org/2001/XMLSchema-instance"
	xmlns:aop="http://www.springframework.org/schema/aop" xmlns:tx="http://www.springframework.org/schema/tx"
	xmlns:context="http://www.springframework.org/schema/context"
	xmlns:util="http://www.springframework.org/schema/util"
	xsi:schemaLocation="
    http://www.springframework.org/schema/beans http://www.springframework.org/schema/beans/spring-beans-3.2.xsd
    http://www.springframework.org/schema/tx http://www.springframework.org/schema/tx/spring-tx-3.1.xsd
    http://www.springframework.org/schema/aop http://www.springframework.org/schema/aop/spring-aop-3.1.xsd
    http://www.springframework.org/schema/context http://www.springframework.org/schema/context/spring-context-3.1.xsd
	http://www.springframework.org/schema/util http://www.springframework.org/schema/util/spring-util-3.1.xsd
    http://www.springframework.org/schema/security http://www.springframework.org/schema/security/spring-security-3.1.xsd">

	<http use-expressions="true" access-denied-page="/pages/erros/acesso-negado.xhtml"
		authentication-manager-ref="authenticationManager">
		<form-login login-page="/pages/login.xhtml" />
		<logout logout-success-url="/pages/login.xhtml" />
		<intercept-url pattern="/pages/erros/**" access="permitAll" />
		<intercept-url pattern="/pages/externo/**" access="permitAll" />
		<!-- colocar role de administrador -->
		<intercept-url pattern="/pages/interno/**" access="isAuthenticated()" />
		<intercept-url pattern="/pages/interno/produto/save.xhtml" access="hasAnyRole('ROLE_ADMIN','ROLE_FUNC')" />
	</http>

	<beans:bean id="customAuthenticationProvider"
		class="br.com.r8info.lojavirtual.security.model.CustomAuthenticationProvider" />

	<authentication-manager id="authenticationManager"
		alias="authenticationManager">
		<authentication-provider ref="customAuthenticationProvider" />
	</authentication-manager>
</beans:beans>
